# T3 content-column inventory; shotgun_test migration 077; 2026-09-23
# column<TAB>postgres_type
action.action_feedback_outbox.payload_json	jsonb
action.approval_records.approval_json	jsonb
action.approvals.approval_json	jsonb
action.audit_events.event_json	jsonb
action.candidates.candidate_json	jsonb
action.executions.record_json	jsonb
action.preview_snapshots.snapshot_json	jsonb
ai.provider_calls.call_json	jsonb
ai.provider_calls.execution_identity	jsonb
ai.provider_credentials.encrypted_secret	jsonb
ai.provider_outputs.cost_json	jsonb
ai.provider_outputs.usage_json	jsonb
candidate.batches.provider_call	jsonb
candidate.claim_candidates.provider_call	jsonb
canonical.claims.claim_json	jsonb
canonical.commits.result_json	jsonb
canonical.history_events.event_json	jsonb
canonical.history_payload_audit_events.tombstone_metadata	jsonb
canonical.history_payload_state.tombstone_metadata	jsonb
canonical.outbox.payload_json	jsonb
canonical.relations.authority_json	jsonb
canonical.relations.from_endpoint	jsonb
canonical.relations.relation_json	jsonb
canonical.relations.to_endpoint	jsonb
canonical.revisions.revision_json	jsonb
comparison.analysis_revisions_v2.analysis_json	jsonb
comparison.analysis_revisions_v2.compared_resource_identities	jsonb
comparison.relationships_v2.relationship_json	jsonb
comparison.results.result_json	jsonb
comparison.results_v2.result_json	jsonb
connector.dead_letters.envelope	jsonb
connector.dead_letters.job	jsonb
connector.dead_letters.safe_error	jsonb
connector.dedup_records.result	jsonb
connector.jobs.result	jsonb
discovery.findings.payload	jsonb
discovery.findings.provenance	jsonb
discovery.findings.related_resource_refs	jsonb
discovery.findings.signal_summary	jsonb
discovery.jobs.budget	jsonb
discovery.jobs.trigger	jsonb
discovery.ranking_policy_revisions.rules	jsonb
discovery.ranking_policy_revisions.weights	jsonb
discovery.reentry_candidates.candidate	jsonb
discovery.reentry_candidates.derivation_provenance	jsonb
discovery.reentry_candidates.related_resource_refs	jsonb
discovery.reentry_candidates.validation_profile	jsonb
discovery.reentry_manifests.manifest	jsonb
discovery.reentry_review_resources.content	jsonb
discovery.reentry_review_resources.derivation_provenance	jsonb
discovery.reentry_review_resources.evidence_lineage	jsonb
discovery.reentry_review_resources.related_resource_refs	jsonb
discovery.reentry_review_resources.resource	jsonb
discovery.reentry_review_resources.validation_profile	jsonb
discovery.reentry_review_resources.validation_result	jsonb
discovery.runs.budget	jsonb
discovery.stage_outputs.output	jsonb
discovery.work_budget_checkpoints.snapshot	jsonb
evidence.spans.position	jsonb
evidence.spans.quote	jsonb
evidence.spans.selectors	jsonb
evidence.stage4_continuations.evidence_snapshot	jsonb
frontend_activity.activity_index.snapshot	jsonb
frontend_ask.transition_seeds.payload	jsonb
frontend_command.command_ledger.accepted_policy_context	jsonb
frontend_command.command_ledger.accepted_principal_context	jsonb
frontend_command.command_ledger.accepted_project_context	jsonb
frontend_command.command_ledger.command_payload	jsonb
frontend_command.command_ledger.policy_binding	jsonb
frontend_command.command_ledger.preconditions	jsonb
frontend_command.command_ledger.produced_resources	jsonb
frontend_command.command_ledger.rejection	jsonb
frontend_external_action.aggregates.snapshot	jsonb
frontend_external_action.approvals.snapshot	jsonb
frontend_external_action.attempts.snapshot	jsonb
frontend_external_action.audit_events.snapshot	jsonb
frontend_external_action.budgets.snapshot	jsonb
frontend_external_action.candidates.snapshot	jsonb
frontend_external_action.compensations.snapshot	jsonb
frontend_external_action.credentials.snapshot	jsonb
frontend_external_action.executions.snapshot	jsonb
frontend_external_action.history_payload_state.tombstone_metadata	jsonb
frontend_external_action.manifests.snapshot	jsonb
frontend_external_action.preflights.snapshot	jsonb
frontend_external_action.results.snapshot	jsonb
frontend_external_action.risk_decisions.snapshot	jsonb
frontend_external_action.rollbacks.snapshot	jsonb
frontend_external_action.verifications.snapshot	jsonb
frontend_history.history_projection_index.payload_snapshot	jsonb
frontend_knowledge_draft.artifact_refs.project_policy_context	jsonb
frontend_knowledge_draft.drafts.snapshot	jsonb
frontend_knowledge_draft.materializations.base	jsonb
frontend_knowledge_draft.materializations.command_identity	jsonb
frontend_knowledge_draft.materializations.snapshot	jsonb
frontend_knowledge_draft.operations.operation	jsonb
frontend_knowledge_draft.revisions.base	jsonb
frontend_knowledge_draft.revisions.operations	jsonb
frontend_knowledge_graph.continuation.limits	jsonb
frontend_knowledge_graph.continuation.overlay_kinds	jsonb
frontend_knowledge_graph.continuation.root_ref	jsonb
frontend_knowledge_graph.overlay_health.truncation	jsonb
frontend_knowledge_graph.snapshot_context.limits	jsonb
frontend_knowledge_graph.snapshot_context.normalized_filters	jsonb
frontend_knowledge_graph.snapshot_context.overlay_kinds	jsonb
frontend_knowledge_graph.snapshot_context.root_refs	jsonb
frontend_review.approval.actor	jsonb
frontend_review.approval.approved_item_ids	jsonb
frontend_review.comment.authored_by	jsonb
frontend_review.context_revision.artifact_refs	jsonb
frontend_review.context_revision.canonical_base	jsonb
frontend_review.context_revision.capabilities	jsonb
frontend_review.decision.decided_by	jsonb
frontend_review.history_payload_audit_events.tombstone_metadata	jsonb
frontend_review.history_payload_state.tombstone_metadata	jsonb
frontend_review.item.after_representation	jsonb
frontend_review.item.allowed_decisions	jsonb
frontend_review.item.artifact_refs	jsonb
frontend_review.item.before_representation	jsonb
frontend_review.item.masked_fields	jsonb
frontend_review.item.target_ref	jsonb
knowledge.entity_vault_imports.entities	jsonb
knowledge.review_groups.decisions	jsonb
knowledge.review_groups.items	jsonb
knowledge.typed_incompatibility_assertions.assertion	jsonb
knowledge.typed_proposition_conflict_rules.rule	jsonb
project_admin.project_commands.command_payload	jsonb
project_audit.deleted_project_audit_scopes.granted_principal_ids	jsonb
projection.compiled_truth.projection	jsonb
projection.discovery_inferences.candidate	jsonb
projection.semantic_items.provenance	jsonb
review.approved_manifests_v2.manifest_json	jsonb
review.change_set_revisions_v2.change_set_json	jsonb
review.change_sets.change_set_json	jsonb
review.change_sets.manifest_json	jsonb
review.change_sets_v2.change_set_json	jsonb
review.decisions.decision_json	jsonb
review.decisions_v2.decision_json	jsonb
review.operation_resolutions_v2.analysis_revision_ids	jsonb
review.operation_resolutions_v2.candidate_evidence_ids	jsonb
review.operation_resolutions_v2.relationship_ids	jsonb
review.operation_resolutions_v2.relationship_material_digests	jsonb
review.operation_resolutions_v2.resolution_json	jsonb
review.reversals.reversal_json	jsonb
settings.history_payload_state.tombstone_metadata	jsonb
settings.policy_context_revisions.policy_binding	jsonb
settings.preference_commands.command_payload	jsonb
settings.preference_revisions.preferences_snapshot	jsonb
settings.principal_preferences.preferences	jsonb
settings.project_settings.value	jsonb
settings.resource_settings.value	jsonb
settings.settings_audit_events.details	jsonb
settings.settings_commands.command_payload	jsonb
settings.settings_review_proposals.payload	jsonb
settings.settings_revisions.settings_snapshot	jsonb
settings.system_settings.value	jsonb
source_product.intake_attempts.accepted_policy_binding	jsonb
source_product.intake_submission_items.input_manifest	jsonb
source_product.intake_submission_items.validation_results	jsonb
source_product.intake_submissions.accepted_policy_binding	jsonb
source_product.url_provenance_receipts.dns_observations	jsonb
source_product.url_provenance_receipts.redirect_observations	jsonb
source_product.url_provenance_receipts.response_metadata	jsonb
transformation.revisions.document_ir	jsonb
transformation.revisions.source_map	jsonb
validation.results.dimensions	jsonb
